,time,next_exp_entries,is_end,is_test
R5C-1,5,R10C-1;R10C-2;R10C-3,0,0
R5C-2,5,R10C-1;R10C-2;R10C-3,0,0
R5C-3,5,R10C-1;R10C-2;R10C-3,0,0
R10C-1,10,R15C-1;R15C-2;R15C-3,0,0
R10C-2,10,R15C-1;R15C-2;R15C-3,0,0
R10C-3,10,R15C-1;R15C-2;R15C-3,0,0
R15C-1,15,R20C-1;R20C-2;R20C-3,0,0
R15C-2,15,R20C-1;R20C-2;R20C-3,0,0
R15C-3,15,R20C-1;R20C-2;R20C-3,0,0
R20C-1,20,R30C-1;R30C-2;R30C-3,0,0
R20C-2,20,R30C-1;R30C-2;R30C-3,0,0
R20C-3,20,R30C-1;R30C-2;R30C-3,0,0
R30C-1,30,R45C-1;R45C-2;R45C-3,0,0
R30C-2,30,R45C-1;R45C-2;R45C-3,0,0
R30C-3,30,R45C-1;R45C-2;R45C-3,0,0
R45C-1,45,R60C-1;R60C-2;R60C-3,0,0
R45C-2,45,R60C-1;R60C-2;R60C-3,0,0
R45C-3,45,R60C-1;R60C-2;R60C-3,0,0
R60C-1,60,R90C-1;R90C-2;R90C-3,0,1
R60C-2,60,R90C-1;R90C-2;R90C-3,0,1
R60C-3,60,R90C-1;R90C-2;R90C-3,0,1
R90C-1,90,R120C-1;R120C-2;R120C-3,0,1
R90C-2,90,R120C-1;R120C-2;R120C-3,0,1
R90C-3,90,R120C-1;R120C-2;R120C-3,0,1
R120C-1,120,,1,0
R120C-2,120,,1,0
R120C-3,120,,1,0
R5N-1,5,R10N-1;R10N-2;R10N-3,0,0
R5N-2,5,R10N-1;R10N-2;R10N-3,0,0
R5N-3,5,R10N-1;R10N-2;R10N-3,0,0
R10N-1,10,R15N-1;R15N-2;R15N-3,0,0
R10N-2,10,R15N-1;R15N-2;R15N-3,0,0
R10N-3,10,R15N-1;R15N-2;R15N-3,0,0
R15N-1,15,R20N-1;R20N-2;R20N-3,0,0
R15N-2,15,R20N-1;R20N-2;R20N-3,0,0
R15N-3,15,R20N-1;R20N-2;R20N-3,0,0
R20N-1,20,R30N-1;R30N-2;R30N-3,0,0
R20N-2,20,R30N-1;R30N-2;R30N-3,0,0
R20N-3,20,R30N-1;R30N-2;R30N-3,0,0
R30N-1,30,R45N-1;R45N-2;R45N-3,0,0
R30N-2,30,R45N-1;R45N-2;R45N-3,0,0
R30N-3,30,R45N-1;R45N-2;R45N-3,0,0
R45N-1,45,R60N-1;R60N-2;R60N-3,0,0
R45N-2,45,R60N-1;R60N-2;R60N-3,0,0
R45N-3,45,R60N-1;R60N-2;R60N-3,0,0
R60N-1,60,R90N-1;R90N-2;R90N-3,0,1
R60N-2,60,R90N-1;R90N-2;R90N-3,0,1
R60N-3,60,R90N-1;R90N-2;R90N-3,0,1
R90N-1,90,R120N-1;R120N-2;R120N-3,0,1
R90N-2,90,R120N-1;R120N-2;R120N-3,0,1
R90N-3,90,R120N-1;R120N-2;R120N-3,0,1
R120N-1,120,,1,0
R120N-2,120,,1,0
R120N-3,120,,1,0
S5C-1,5,S10C-1;S10C-2;S10C-3,0,0
S5C-2,5,S10C-1;S10C-2;S10C-3,0,0
S5C-3,5,S10C-1;S10C-2;S10C-3,0,0
S10C-1,10,S15C-1;S15C-2;S15C-3,0,0
S10C-2,10,S15C-1;S15C-2;S15C-3,0,0
S10C-3,10,S15C-1;S15C-2;S15C-3,0,0
S15C-1,15,S20C-1;S20C-2;S20C-3,0,0
S15C-2,15,S20C-1;S20C-2;S20C-3,0,0
S15C-3,15,S20C-1;S20C-2;S20C-3,0,0
S20C-1,20,S30C-1;S30C-2;S30C-3,0,0
S20C-2,20,S30C-1;S30C-2;S30C-3,0,0
S20C-3,20,S30C-1;S30C-2;S30C-3,0,0
S30C-1,30,S45C-1;S45C-2;S45C-3,0,0
S30C-2,30,S45C-1;S45C-2;S45C-3,0,0
S30C-3,30,S45C-1;S45C-2;S45C-3,0,0
S45C-1,45,S60C-1;S60C-2;S60C-3,0,0
S45C-2,45,S60C-1;S60C-2;S60C-3,0,0
S45C-3,45,S60C-1;S60C-2;S60C-3,0,0
S60C-1,60,S90C-1;S90C-2;S90C-3,0,1
S60C-2,60,S90C-1;S90C-2;S90C-3,0,1
S60C-3,60,S90C-1;S90C-2;S90C-3,0,1
S90C-1,90,S120C-1;S120C-2;S120C-3,0,1
S90C-2,90,S120C-1;S120C-2;S120C-3,0,1
S90C-3,90,S120C-1;S120C-2;S120C-3,0,1
S120C-1,120,,1,0
S120C-2,120,,1,0
S120C-3,120,,1,0
S5N-1,5,S10N-1;S10N-2;S10N-3,0,0
S5N-2,5,S10N-1;S10N-2;S10N-3,0,0
S5N-3,5,S10N-1;S10N-2;S10N-3,0,0
S10N-1,10,S15N-1;S15N-2;S15N-3,0,0
S10N-2,10,S15N-1;S15N-2;S15N-3,0,0
S10N-3,10,S15N-1;S15N-2;S15N-3,0,0
S15N-1,15,S20N-1;S20N-2;S20N-3,0,0
S15N-2,15,S20N-1;S20N-2;S20N-3,0,0
S15N-3,15,S20N-1;S20N-2;S20N-3,0,0
S20N-1,20,S30N-1;S30N-2;S30N-3,0,0
S20N-2,20,S30N-1;S30N-2;S30N-3,0,0
S20N-3,20,S30N-1;S30N-2;S30N-3,0,0
S30N-1,30,S45N-1;S45N-2;S45N-3,0,0
S30N-2,30,S45N-1;S45N-2;S45N-3,0,0
S30N-3,30,S45N-1;S45N-2;S45N-3,0,0
S45N-1,45,S60N-1;S60N-2;S60N-3,0,0
S45N-2,45,S60N-1;S60N-2;S60N-3,0,0
S45N-3,45,S60N-1;S60N-2;S60N-3,0,0
S60N-1,60,S90N-1;S90N-2;S90N-3,0,1
S60N-2,60,S90N-1;S90N-2;S90N-3,0,1
S60N-3,60,S90N-1;S90N-2;S90N-3,0,1
S90N-1,90,S120N-1;S120N-2;S120N-3,0,1
S90N-2,90,S120N-1;S120N-2;S120N-3,0,1
S90N-3,90,S120N-1;S120N-2;S120N-3,0,1
S120N-1,120,,1,0
S120N-2,120,,1,0
S120N-3,120,,1,0
